Year,Domain,PackageType,ExamNum,DownloadFile,RepoVersion,MasterCard,TotalQuestions,Status,Notes
3,NUMERACY,FREE,1,V54__seed_y3_num_free_exam01.sql,V54,MC54,96,PUBLISHED,CANONICAL
3,NUMERACY,ADVANCED,1,V55__seed_y3_num_advanced_exam01.sql,V55,MC55,96,PUBLISHED,CANONICAL
3,NUMERACY,ADVANCED,2,V56__seed_y3_num_advanced_exam02.sql,V56,MC56,96,PUBLISHED,CANONICAL
3,NUMERACY,ADVANCED,3,V57__seed_y3_num_advanced_exam03.sql,V58,MC57,96,PUBLISHED,P0:calculator_allowed_missing
3,NUMERACY,ADVANCED,4,V58__seed_y3_num_advanced_exam04.sql,V59,MC58,96,PUBLISHED,P0:calculator_allowed_missing
3,NUMERACY,ADVANCED,5,V59__seed_y3_num_advanced_exam05.sql,V60,MC59,96,PUBLISHED,P0:calculator_allowed_missing
3,NUMERACY,PREMIUM,1,V60__seed_y3_num_premium_exam01.sql,V61,MC60,96,PUBLISHED,P0:calculator_allowed_missing
3,NUMERACY,PREMIUM,2,V61__seed_y3_num_premium_exam02.sql,V62,MC61,96,PUBLISHED,P0:calculator_allowed_missing
3,NUMERACY,PREMIUM,3,V62__seed_y3_num_premium_exam03.sql,V63,MC62,96,PUBLISHED,P0:calculator_allowed_missing
3,NUMERACY,PREMIUM,4,V63__seed_y3_num_premium_exam04.sql,V64,MC63,96,PUBLISHED,P0:calculator_allowed_missing
3,NUMERACY,PREMIUM,5,V64__seed_y3_num_premium_exam05.sql,V65,MC64,96,PUBLISHED,P0:calculator_allowed_missing
3,NUMERACY,PREMIUM,6,V65__seed_y3_num_premium_exam06.sql,V66,MC65,96,PUBLISHED,P0:calculator_allowed_missing
3,NUMERACY,PREMIUM,7,V66__seed_y3_num_premium_exam07.sql,V67,MC66,96,PUBLISHED,P0:calculator_allowed_missing
3,NUMERACY,PREMIUM,8,V67__seed_y3_num_premium_exam08.sql,V68,MC67,96,PUBLISHED,P0:calculator_allowed_missing
3,NUMERACY,PREMIUM,9,V68__seed_y3_num_premium_exam09.sql,V69,MC68,96,PUBLISHED,P0:calculator_allowed_missing
3,NUMERACY,PREMIUM,10,V69__seed_y3_num_premium_exam10.sql,V70,MC69,96,PUBLISHED,P0:calculator_allowed_missing
3,READING,FREE,1,V70__seed_y3_read_free_exam01.sql,V71,MC70,104,PUBLISHED,
3,READING,ADVANCED,1,V71__seed_y3_read_advanced_exam01.sql,V72,MC71,104,PUBLISHED,
3,READING,ADVANCED,2,V72__seed_y3_read_advanced_exam02.sql,V73,MC72,104,PUBLISHED,
3,READING,ADVANCED,3,V73__seed_y3_read_advanced_exam03.sql,V74,MC73,104,PUBLISHED,
3,READING,ADVANCED,4,V74__seed_y3_read_advanced_exam04.sql,V75,MC74,104,PUBLISHED,
3,READING,ADVANCED,5,V75__seed_y3_read_advanced_exam05.sql,V76,MC75,104,PUBLISHED,
3,READING,PREMIUM,1,V76__seed_y3_read_premium_exam01.sql,V77,MC76,104,PUBLISHED,
3,READING,PREMIUM,2,V77__seed_y3_read_premium_exam02.sql,V78,MC77,104,PUBLISHED,
3,READING,PREMIUM,3,V78__seed_y3_read_premium_exam03.sql,V79,MC78,104,PUBLISHED,
3,READING,PREMIUM,4,V79__seed_y3_read_premium_exam04.sql,V80,MC79,104,PUBLISHED,
3,READING,PREMIUM,5,V80__seed_y3_read_premium_exam05.sql,V81,MC80,104,PUBLISHED,
3,READING,PREMIUM,6,V81__seed_y3_read_premium_exam06.sql,V82,MC81,104,PUBLISHED,
3,READING,PREMIUM,7,V82__seed_y3_read_premium_exam07.sql,V83,MC82,104,PUBLISHED,
3,READING,PREMIUM,8,V83__seed_y3_read_premium_exam08.sql,V84,MC83,104,PUBLISHED,
3,READING,PREMIUM,9,V84__seed_y3_read_premium_exam09.sql,V85,MC84,104,PUBLISHED,
3,READING,PREMIUM,10,V85__seed_y3_read_premium_exam10.sql,V86,MC85,104,PUBLISHED,
3,WRITING,FREE,1,V86__seed_y3_writ_free_exam01.sql,V87,MC86,1,PUBLISHED,
3,WRITING,ADVANCED,1,V87__seed_y3_writ_advanced_exam01.sql,V88,MC87,1,PUBLISHED,
3,WRITING,ADVANCED,2,V88__seed_y3_writ_advanced_exam02.sql,V89,MC88,1,PUBLISHED,
3,WRITING,ADVANCED,3,V89__seed_y3_writ_advanced_exam03.sql,V90,MC89,1,PUBLISHED,
3,WRITING,ADVANCED,4,V90__seed_y3_writ_advanced_exam04.sql,V91,MC90,1,PUBLISHED,
3,WRITING,ADVANCED,5,V91__seed_y3_writ_advanced_exam05.sql,V92,MC91,1,PUBLISHED,
3,WRITING,PREMIUM,1,V92__seed_y3_writ_premium_exam01.sql,V93,MC92,1,PUBLISHED,
3,WRITING,PREMIUM,2,V93__seed_y3_writ_premium_exam02.sql,V94,MC93,1,PUBLISHED,
3,WRITING,PREMIUM,3,V94__seed_y3_writ_premium_exam03.sql,V95,MC94,1,PUBLISHED,
3,WRITING,PREMIUM,4,V95__seed_y3_writ_premium_exam04.sql,V96,MC95,1,PUBLISHED,
3,WRITING,PREMIUM,5,V96__seed_y3_writ_premium_exam05.sql,V97,MC96,1,PUBLISHED,
3,WRITING,PREMIUM,6,V97__seed_y3_writ_premium_exam06.sql,V98,MC97,1,PUBLISHED,
3,WRITING,PREMIUM,7,V98__seed_y3_writ_premium_exam07.sql,V99,MC98,1,PUBLISHED,
3,WRITING,PREMIUM,8,V99__seed_y3_writ_premium_exam08.sql,V100,MC99,1,PUBLISHED,
3,WRITING,PREMIUM,9,V100__seed_y3_writ_premium_exam09.sql,V101,MC100,1,PUBLISHED,
3,WRITING,PREMIUM,10,V101__seed_y3_writ_premium_exam10.sql,V102,MC101,1,PUBLISHED,
3,GRAMMAR_PUNCTUATION,FREE,1,V102__seed_y3_gp_free_exam01.sql,V103,MC102,72,PUBLISHED,
3,GRAMMAR_PUNCTUATION,ADVANCED,1,V103__seed_y3_gp_advanced_exam01.sql,V104,MC103,72,PUBLISHED,
3,GRAMMAR_PUNCTUATION,ADVANCED,2,V104__seed_y3_gp_advanced_exam02.sql,V105,MC104,72,PUBLISHED,
3,GRAMMAR_PUNCTUATION,ADVANCED,3,V105__seed_y3_gp_advanced_exam03.sql,V106,MC105,72,PUBLISHED,
3,GRAMMAR_PUNCTUATION,ADVANCED,4,V106__seed_y3_gp_advanced_exam04.sql,V107,MC106,72,PUBLISHED,
3,GRAMMAR_PUNCTUATION,ADVANCED,5,V107__seed_y3_gp_advanced_exam05.sql,V108,MC107,72,PUBLISHED,
3,GRAMMAR_PUNCTUATION,PREMIUM,1,V108__seed_y3_gp_premium_exam01.sql,V109,MC108,72,PUBLISHED,
3,GRAMMAR_PUNCTUATION,PREMIUM,2,V109__seed_y3_gp_premium_exam02.sql,V110,MC109,72,PUBLISHED,
3,GRAMMAR_PUNCTUATION,PREMIUM,3,V110__seed_y3_gp_premium_exam03.sql,V111,MC110,72,PUBLISHED,
3,GRAMMAR_PUNCTUATION,PREMIUM,4,V111__seed_y3_gp_premium_exam04.sql,V112,MC111,72,PUBLISHED,
3,GRAMMAR_PUNCTUATION,PREMIUM,5,V112__seed_y3_gp_premium_exam05.sql,V113,MC112,72,PUBLISHED,
3,GRAMMAR_PUNCTUATION,PREMIUM,6,V113__seed_y3_gp_premium_exam06.sql,V114,MC113,72,PUBLISHED,
3,GRAMMAR_PUNCTUATION,PREMIUM,7,V114__seed_y3_gp_premium_exam07.sql,V115,MC114,72,PUBLISHED,
3,GRAMMAR_PUNCTUATION,PREMIUM,8,V115__seed_y3_gp_premium_exam08.sql,V116,MC115,72,PUBLISHED,
3,GRAMMAR_PUNCTUATION,PREMIUM,9,V116__seed_y3_gp_premium_exam09.sql,V117,MC116,72,PUBLISHED,
3,GRAMMAR_PUNCTUATION,PREMIUM,10,V117__seed_y3_gp_premium_exam10.sql,V118,MC117,72,PUBLISHED,
3,SPELLING,FREE,1,V118__seed_y3_spell_free_exam01.sql,V119,MC118,43,PUBLISHED,P1:testlet_names_nonstandard(S1/SD/SB/PD/PB)
3,SPELLING,ADVANCED,1,V119__seed_y3_spell_advanced_exam01.sql,V120,MC119,43,PUBLISHED,P1:testlet_names_nonstandard(S1/SD/SB/PD/PB)
3,SPELLING,ADVANCED,2,V120__seed_y3_spell_advanced_exam02.sql,V121,MC120,43,PUBLISHED,P1:testlet_names_nonstandard(S1/SD/SB/PD/PB)
3,SPELLING,ADVANCED,3,V121__seed_y3_spell_advanced_exam03.sql,V122,MC121,43,PUBLISHED,P1:testlet_names_nonstandard(S1/SD/SB/PD/PB)
3,SPELLING,ADVANCED,4,V122__seed_y3_spell_advanced_exam04.sql,V123,MC122,43,PUBLISHED,P1:testlet_names_nonstandard(S1/SD/SB/PD/PB)
3,SPELLING,ADVANCED,5,V123__seed_y3_spell_advanced_exam05.sql,V124,MC123,43,PUBLISHED,P1:testlet_names_nonstandard(S1/SD/SB/PD/PB)
3,SPELLING,PREMIUM,1,V124__seed_y3_spell_premium_exam01.sql,V125,MC124,43,PUBLISHED,P1:testlet_names_nonstandard(S1/SD/SB/PD/PB)
3,SPELLING,PREMIUM,2,V125__seed_y3_spell_premium_exam02.sql,V126,MC125,43,PUBLISHED,P1:testlet_names_nonstandard(S1/SD/SB/PD/PB)
3,SPELLING,PREMIUM,3,V126__seed_y3_spell_premium_exam03.sql,V127,MC126,43,PUBLISHED,P1:testlet_names_nonstandard(S1/SD/SB/PD/PB)
3,SPELLING,PREMIUM,4,V127__seed_y3_spell_premium_exam04.sql,V128,MC127,43,PUBLISHED,P1:testlet_names_nonstandard(S1/SD/SB/PD/PB)
3,SPELLING,PREMIUM,5,V128__seed_y3_spell_premium_exam05.sql,V129,MC128,43,PUBLISHED,P1:testlet_names_nonstandard(S1/SD/SB/PD/PB)
3,SPELLING,PREMIUM,6,V129__seed_y3_spell_premium_exam06.sql,V130,MC129,43,PUBLISHED,P1:testlet_names_nonstandard(S1/SD/SB/PD/PB)
3,SPELLING,PREMIUM,7,V130__seed_y3_spell_premium_exam07.sql,V131,MC130,43,PUBLISHED,P1:testlet_names_nonstandard(S1/SD/SB/PD/PB)
3,SPELLING,PREMIUM,8,V131__seed_y3_spell_premium_exam08.sql,V132,MC131,43,PUBLISHED,P1:testlet_names_nonstandard(S1/SD/SB/PD/PB)
3,SPELLING,PREMIUM,9,V132__seed_y3_spell_premium_exam09.sql,V133,MC132,43,PUBLISHED,P1:testlet_names_nonstandard(S1/SD/SB/PD/PB)
3,SPELLING,PREMIUM,10,V133__seed_y3_spell_premium_exam10.sql,V134,MC133,43,PUBLISHED,P1:testlet_names_nonstandard(S1/SD/SB/PD/PB)
5,NUMERACY,FREE,1,V134__seed_y5_num_free_exam01.sql,V135,MC134,112,PUBLISHED,P0:calculator_allowed_missing
5,NUMERACY,ADVANCED,1,V135__seed_y5_num_advanced_exam01.sql,V136,MC135,112,PUBLISHED,P0:calculator_allowed_missing
5,NUMERACY,ADVANCED,2,V136__seed_y5_num_advanced_exam02.sql,V137,MC136,112,PUBLISHED,P0:calculator_allowed_missing
5,NUMERACY,ADVANCED,3,V137__seed_y5_num_advanced_exam03.sql,V138,MC137,112,PUBLISHED,P0:calculator_allowed_missing
5,NUMERACY,ADVANCED,4,V138__seed_y5_num_advanced_exam04.sql,V139,MC138,112,PUBLISHED,P0:calculator_allowed_missing
5,NUMERACY,ADVANCED,5,V139__seed_y5_num_advanced_exam05.sql,V140,MC139,112,PUBLISHED,P0:calculator_allowed_missing
5,NUMERACY,PREMIUM,1,V140__seed_y5_num_premium_exam01.sql,V141,MC140,112,PUBLISHED,P0:calculator_allowed_missing
5,NUMERACY,PREMIUM,2,V141__seed_y5_num_premium_exam02.sql,V142,MC141,112,PUBLISHED,P0:calculator_allowed_missing
5,NUMERACY,PREMIUM,3,V142__seed_y5_num_premium_exam03.sql,V143,MC142,112,PUBLISHED,P0:calculator_allowed_missing
5,NUMERACY,PREMIUM,4,V143__seed_y5_num_premium_exam04.sql,V144,MC143,112,PUBLISHED,P0:calculator_allowed_missing
5,NUMERACY,PREMIUM,5,V144__seed_y5_num_premium_exam05.sql,V145,MC144,112,PUBLISHED,P0:calculator_allowed_missing
5,NUMERACY,PREMIUM,6,V145__seed_y5_num_premium_exam06.sql,V146,MC145,112,PUBLISHED,P0:calculator_allowed_missing
5,NUMERACY,PREMIUM,7,V146__seed_y5_num_premium_exam07.sql,V147,MC146,112,PUBLISHED,P0:calculator_allowed_missing
5,NUMERACY,PREMIUM,8,V147__seed_y5_num_premium_exam08.sql,V148,MC147,112,PUBLISHED,P0:calculator_allowed_missing
5,NUMERACY,PREMIUM,9,V148__seed_y5_num_premium_exam09.sql,V149,MC148,112,PUBLISHED,P0:calculator_allowed_missing
5,NUMERACY,PREMIUM,10,V149__seed_y5_num_premium_exam10.sql,V150,MC149,112,PUBLISHED,P0:calculator_allowed_missing
5,READING,FREE,1,V150__seed_y5_read_free_exam01.sql,V151,MC150,104,PUBLISHED,
5,READING,ADVANCED,1,V151__seed_y5_read_advanced_exam01.sql,V152,MC151,104,PUBLISHED,
5,READING,ADVANCED,2,V152__seed_y5_read_advanced_exam02.sql,V153,MC152,104,PUBLISHED,
5,READING,ADVANCED,3,V153__seed_y5_read_advanced_exam03.sql,V154,MC153,104,PUBLISHED,
5,READING,ADVANCED,4,V154__seed_y5_read_advanced_exam04.sql,V155,MC154,104,PUBLISHED,
5,READING,ADVANCED,5,V155__seed_y5_read_advanced_exam05.sql,V156,MC155,104,PUBLISHED,
5,READING,PREMIUM,1,V156__seed_y5_read_premium_exam01.sql,V157,MC156,104,PUBLISHED,
5,READING,PREMIUM,2,V157__seed_y5_read_premium_exam02.sql,V158,MC157,104,PUBLISHED,
5,READING,PREMIUM,3,V158__seed_y5_read_premium_exam03.sql,V159,MC158,104,PUBLISHED,
5,READING,PREMIUM,4,V159__seed_y5_read_premium_exam04.sql,V160,MC159,104,PUBLISHED,
5,READING,PREMIUM,5,V160__seed_y5_read_premium_exam05.sql,V161,MC160,104,PUBLISHED,
5,READING,PREMIUM,6,V161__seed_y5_read_premium_exam06.sql,V162,MC161,104,PUBLISHED,
5,READING,PREMIUM,7,V162__seed_y5_read_premium_exam07.sql,V163,MC162,104,PUBLISHED,
5,READING,PREMIUM,8,V163__seed_y5_read_premium_exam08.sql,V164,MC163,104,PUBLISHED,
5,READING,PREMIUM,9,V164__seed_y5_read_premium_exam09.sql,V165,MC164,104,PUBLISHED,
5,READING,PREMIUM,10,V165__seed_y5_read_premium_exam10.sql,V166,MC165,104,PUBLISHED,
5,WRITING,FREE,1,V166__seed_y5_writ_free_exam01.sql,V167,MC166,1,PUBLISHED,
5,WRITING,ADVANCED,1,V167__seed_y5_writ_advanced_exam01.sql,V168,MC167,1,PUBLISHED,
5,WRITING,ADVANCED,2,V168__seed_y5_writ_advanced_exam02.sql,V169,MC168,1,PUBLISHED,
5,WRITING,ADVANCED,3,V169__seed_y5_writ_advanced_exam03.sql,V170,MC169,1,PUBLISHED,
5,WRITING,ADVANCED,4,V170__seed_y5_writ_advanced_exam04.sql,V171,MC170,1,PUBLISHED,
5,WRITING,ADVANCED,5,V171__seed_y5_writ_advanced_exam05.sql,V172,MC171,1,PUBLISHED,
5,WRITING,PREMIUM,1,V172__seed_y5_writ_premium_exam01.sql,V173,MC172,1,PUBLISHED,
5,WRITING,PREMIUM,2,V173__seed_y5_writ_premium_exam02.sql,V174,MC173,1,PUBLISHED,
5,WRITING,PREMIUM,3,V174__seed_y5_writ_premium_exam03.sql,V175,MC174,1,PUBLISHED,
5,WRITING,PREMIUM,4,V175__seed_y5_writ_premium_exam04.sql,V176,MC175,1,PUBLISHED,
5,WRITING,PREMIUM,5,V176__seed_y5_writ_premium_exam05.sql,V177,MC176,1,PUBLISHED,
5,WRITING,PREMIUM,6,V177__seed_y5_writ_premium_exam06.sql,V178,MC177,1,PUBLISHED,
5,WRITING,PREMIUM,7,V178__seed_y5_writ_premium_exam07.sql,V179,MC178,1,PUBLISHED,
5,WRITING,PREMIUM,8,V179__seed_y5_writ_premium_exam08.sql,V180,MC179,1,PUBLISHED,
5,WRITING,PREMIUM,9,V180__seed_y5_writ_premium_exam09.sql,V181,MC180,1,PUBLISHED,
5,WRITING,PREMIUM,10,V181__seed_y5_writ_premium_exam10.sql,V182,MC181,1,PUBLISHED,
5,GRAMMAR_PUNCTUATION,FREE,1,V182__seed_y5_gp_free_exam01.sql,V183,MC182,72,PUBLISHED,
5,GRAMMAR_PUNCTUATION,ADVANCED,1,V183__seed_y5_gp_advanced_exam01.sql,V184,MC183,72,PUBLISHED,
5,GRAMMAR_PUNCTUATION,ADVANCED,2,V184__seed_y5_gp_advanced_exam02.sql,V185,MC184,72,PUBLISHED,
5,GRAMMAR_PUNCTUATION,ADVANCED,3,V185__seed_y5_gp_advanced_exam03.sql,V186,MC185,72,PUBLISHED,
5,GRAMMAR_PUNCTUATION,ADVANCED,4,V186__seed_y5_gp_advanced_exam04.sql,V187,MC186,72,PUBLISHED,
5,GRAMMAR_PUNCTUATION,ADVANCED,5,V187__seed_y5_gp_advanced_exam05.sql,V188,MC187,72,PUBLISHED,
5,GRAMMAR_PUNCTUATION,PREMIUM,1,V188__seed_y5_gp_premium_exam01.sql,V189,MC188,72,PUBLISHED,
5,GRAMMAR_PUNCTUATION,PREMIUM,2,V189__seed_y5_gp_premium_exam02.sql,V190,MC189,72,PUBLISHED,
5,GRAMMAR_PUNCTUATION,PREMIUM,3,V190__seed_y5_gp_premium_exam03.sql,V191,MC190,72,PUBLISHED,
5,GRAMMAR_PUNCTUATION,PREMIUM,4,V191__seed_y5_gp_premium_exam04.sql,V192,MC191,72,PUBLISHED,
5,GRAMMAR_PUNCTUATION,PREMIUM,5,V192__seed_y5_gp_premium_exam05.sql,V193,MC192,72,PUBLISHED,
5,GRAMMAR_PUNCTUATION,PREMIUM,6,V193__seed_y5_gp_premium_exam06.sql,V194,MC193,72,PUBLISHED,
5,GRAMMAR_PUNCTUATION,PREMIUM,7,V194__seed_y5_gp_premium_exam07.sql,V195,MC194,72,PUBLISHED,
5,GRAMMAR_PUNCTUATION,PREMIUM,8,V195__seed_y5_gp_premium_exam08.sql,V196,MC195,72,PUBLISHED,
5,GRAMMAR_PUNCTUATION,PREMIUM,9,V196__seed_y5_gp_premium_exam09.sql,V197,MC196,72,PUBLISHED,
5,GRAMMAR_PUNCTUATION,PREMIUM,10,V197__seed_y5_gp_premium_exam10.sql,V198,MC197,72,PUBLISHED,
5,SPELLING,FREE,1,V198__seed_y5_spell_free_exam01.sql,V199,MC198,43,PUBLISHED,P1:testlet_names_nonstandard(S1/SD/SB/PD/PB)
5,SPELLING,ADVANCED,1,V199__seed_y5_spell_advanced_exam01.sql,V200,MC199,43,PUBLISHED,P1:testlet_names_nonstandard(S1/SD/SB/PD/PB)
5,SPELLING,ADVANCED,2,V200__seed_y5_spell_advanced_exam02.sql,V201,MC200,43,PUBLISHED,P1:testlet_names_nonstandard(S1/SD/SB/PD/PB)
5,SPELLING,ADVANCED,3,V201__seed_y5_spell_advanced_exam03.sql,V202,MC201,43,PUBLISHED,P1:testlet_names_nonstandard(S1/SD/SB/PD/PB)
5,SPELLING,ADVANCED,4,V202__seed_y5_spell_advanced_exam04.sql,V203,MC202,43,PUBLISHED,P1:testlet_names_nonstandard(S1/SD/SB/PD/PB)
5,SPELLING,ADVANCED,5,V203__seed_y5_spell_advanced_exam05.sql,V204,MC203,43,PUBLISHED,P1:testlet_names_nonstandard(S1/SD/SB/PD/PB)
5,SPELLING,PREMIUM,1,V204__seed_y5_spell_premium_exam01.sql,V205,MC204,43,PUBLISHED,P1:testlet_names_nonstandard(S1/SD/SB/PD/PB)
5,SPELLING,PREMIUM,2,V205__seed_y5_spell_premium_exam02.sql,V206,MC205,43,PUBLISHED,P1:testlet_names_nonstandard(S1/SD/SB/PD/PB)
5,SPELLING,PREMIUM,3,V206__seed_y5_spell_premium_exam03.sql,V207,MC206,43,PUBLISHED,P1:testlet_names_nonstandard(S1/SD/SB/PD/PB)
5,SPELLING,PREMIUM,4,V207__seed_y5_spell_premium_exam04.sql,V208,MC207,43,PUBLISHED,P1:testlet_names_nonstandard(S1/SD/SB/PD/PB)
5,SPELLING,PREMIUM,5,V208__seed_y5_spell_premium_exam05.sql,V209,MC208,43,PUBLISHED,P1:testlet_names_nonstandard(S1/SD/SB/PD/PB)
5,SPELLING,PREMIUM,6,V209__seed_y5_spell_premium_exam06.sql,V210,MC209,43,PUBLISHED,P1:testlet_names_nonstandard(S1/SD/SB/PD/PB)
5,SPELLING,PREMIUM,7,V210__seed_y5_spell_premium_exam07.sql,V211,MC210,43,PUBLISHED,P1:testlet_names_nonstandard(S1/SD/SB/PD/PB)
5,SPELLING,PREMIUM,8,V211__seed_y5_spell_premium_exam08.sql,V212,MC211,43,PUBLISHED,P1:testlet_names_nonstandard(S1/SD/SB/PD/PB)
5,SPELLING,PREMIUM,9,V212__seed_y5_spell_premium_exam09.sql,V213,MC212,43,PUBLISHED,P1:testlet_names_nonstandard(S1/SD/SB/PD/PB)
5,SPELLING,PREMIUM,10,V213__seed_y5_spell_premium_exam10.sql,V214,MC213,43,PUBLISHED,P1:testlet_names_nonstandard(S1/SD/SB/PD/PB)
5,SPELLING,PREMIUM,10,V214__seed_y5_spell_premium_exam10.sql,V215(COLLISION),MC214,43,EXTRA_FILE,P0:COLLISION_WITH_BATCH2_V215;P1:calc_FALSE_wrong
7,NUMERACY,FREE,1,V215__seed_y7_num_free_exam01.sql,V215,MC214,128,PUBLISHED,P0:Choice4_placeholder
7,NUMERACY,ADVANCED,1,V216__seed_y7_num_advanced_exam01.sql,V216,MC215,128,PUBLISHED,P0:Choice4_placeholder
7,NUMERACY,ADVANCED,2,V217__seed_y7_num_advanced_exam02.sql,V217,MC216,128,PUBLISHED,P0:Choice4_placeholder
7,NUMERACY,ADVANCED,3,V218__seed_y7_num_advanced_exam03.sql,V218,MC217,128,PUBLISHED,P0:Choice4_placeholder
7,NUMERACY,ADVANCED,4,V219__seed_y7_num_advanced_exam04.sql,V219,MC218,128,PUBLISHED,P0:Choice4_placeholder
7,NUMERACY,ADVANCED,5,V220__seed_y7_num_advanced_exam05.sql,V220,MC219,128,PUBLISHED,P0:Choice4_placeholder
7,NUMERACY,PREMIUM,1,V221__seed_y7_num_premium_exam01.sql,V221,MC220,128,PUBLISHED,P0:Choice4_placeholder
7,NUMERACY,PREMIUM,2,V222__seed_y7_num_premium_exam02.sql,V222,MC221,128,PUBLISHED,P0:Choice4_placeholder
7,NUMERACY,PREMIUM,3,V223__seed_y7_num_premium_exam03.sql,V223,MC222,128,PUBLISHED,P0:Choice4_placeholder
7,NUMERACY,PREMIUM,4,V224__seed_y7_num_premium_exam04.sql,V224,MC223,128,PUBLISHED,P0:Choice4_placeholder
7,NUMERACY,PREMIUM,5,V225__seed_y7_num_premium_exam05.sql,V225,MC224,128,PUBLISHED,P0:Choice4_placeholder
7,NUMERACY,PREMIUM,6,V226__seed_y7_num_premium_exam06.sql,V226,MC225,128,PUBLISHED,P0:Choice4_placeholder
7,NUMERACY,PREMIUM,7,V227__seed_y7_num_premium_exam07.sql,V227,MC226,128,PUBLISHED,P0:Choice4_placeholder
7,NUMERACY,PREMIUM,8,V228__seed_y7_num_premium_exam08.sql,V228,MC227,128,PUBLISHED,P0:Choice4_placeholder
7,NUMERACY,PREMIUM,9,V229__seed_y7_num_premium_exam09.sql,V229,MC228,128,PUBLISHED,P0:Choice4_placeholder
7,NUMERACY,PREMIUM,10,V230__seed_y7_num_premium_exam10.sql,V230,MC229,128,PUBLISHED,P0:Choice4_placeholder
7,READING,FREE,1,V231__seed_y7_read_free_exam01.sql,V231,MC230,128,PUBLISHED,
7,READING,ADVANCED,1,V232__seed_y7_read_advanced_exam01.sql,V232,MC231,128,PUBLISHED,
7,READING,ADVANCED,2,V233__seed_y7_read_advanced_exam02.sql,V233,MC232,128,PUBLISHED,
7,READING,ADVANCED,3,V234__seed_y7_read_advanced_exam03.sql,V234,MC233,128,PUBLISHED,
7,READING,ADVANCED,4,V235__seed_y7_read_advanced_exam04.sql,V235,MC234,128,PUBLISHED,
7,READING,ADVANCED,5,V236__seed_y7_read_advanced_exam05.sql,V236,MC235,128,PUBLISHED,
7,READING,PREMIUM,1,V237__seed_y7_read_premium_exam01.sql,V237,MC236,128,PUBLISHED,
7,READING,PREMIUM,2,V238__seed_y7_read_premium_exam02.sql,V238,MC237,128,PUBLISHED,
7,READING,PREMIUM,3,V239__seed_y7_read_premium_exam03.sql,V239,MC238,128,PUBLISHED,
7,READING,PREMIUM,4,V240__seed_y7_read_premium_exam04.sql,V240,MC239,128,PUBLISHED,
7,READING,PREMIUM,5,V241__seed_y7_read_premium_exam05.sql,V241,MC240,128,PUBLISHED,
7,READING,PREMIUM,6,V242__seed_y7_read_premium_exam06.sql,V242,MC241,128,PUBLISHED,
7,READING,PREMIUM,7,V243__seed_y7_read_premium_exam07.sql,V243,MC242,128,PUBLISHED,
7,READING,PREMIUM,8,V244__seed_y7_read_premium_exam08.sql,V244,MC243,128,PUBLISHED,
7,READING,PREMIUM,9,V245__seed_y7_read_premium_exam09.sql,V245,MC244,128,PUBLISHED,
7,READING,PREMIUM,10,V246__seed_y7_read_premium_exam10.sql,V246,MC245,128,PUBLISHED,
7,WRITING,FREE,1,V247__seed_y7_writ_free_exam01.sql,V247,MC246,1,PUBLISHED,
7,WRITING,ADVANCED,1,V248__seed_y7_writ_advanced_exam01.sql,V248,MC247,1,PUBLISHED,
7,WRITING,ADVANCED,2,V249__seed_y7_writ_advanced_exam02.sql,V249,MC248,1,PUBLISHED,
7,WRITING,ADVANCED,3,V250__seed_y7_writ_advanced_exam03.sql,V250,MC249,1,PUBLISHED,
7,WRITING,ADVANCED,4,V251__seed_y7_writ_advanced_exam04.sql,V251,MC250,1,PUBLISHED,
7,WRITING,ADVANCED,5,V252__seed_y7_writ_advanced_exam05.sql,V252,MC251,1,PUBLISHED,
7,WRITING,PREMIUM,1,V253__seed_y7_writ_premium_exam01.sql,V253,MC252,1,PUBLISHED,
7,WRITING,PREMIUM,2,V254__seed_y7_writ_premium_exam02.sql,V254,MC253,1,PUBLISHED,
7,WRITING,PREMIUM,3,V255__seed_y7_writ_premium_exam03.sql,V255,MC254,1,PUBLISHED,
7,WRITING,PREMIUM,4,V256__seed_y7_writ_premium_exam04.sql,V256,MC255,1,PUBLISHED,
7,WRITING,PREMIUM,5,V257__seed_y7_writ_premium_exam05.sql,V257,MC256,1,PUBLISHED,
7,WRITING,PREMIUM,6,V258__seed_y7_writ_premium_exam06.sql,V258,MC257,1,PUBLISHED,
7,WRITING,PREMIUM,7,V259__seed_y7_writ_premium_exam07.sql,V259,MC258,1,PUBLISHED,
7,WRITING,PREMIUM,8,V260__seed_y7_writ_premium_exam08.sql,V260,MC259,1,PUBLISHED,
7,WRITING,PREMIUM,9,V261__seed_y7_writ_premium_exam09.sql,V261,MC260,1,PUBLISHED,
7,WRITING,PREMIUM,10,V262__seed_y7_writ_premium_exam10.sql,V262,MC261,1,PUBLISHED,
7,GRAMMAR_PUNCTUATION,FREE,1,V263__seed_y7_gp_free_exam01.sql,V263,MC262,72,PUBLISHED,P0:Choice4_placeholder
7,GRAMMAR_PUNCTUATION,ADVANCED,1,V264__seed_y7_gp_advanced_exam01.sql,V264,MC263,72,PUBLISHED,P0:Choice4_placeholder
7,GRAMMAR_PUNCTUATION,ADVANCED,2,V265__seed_y7_gp_advanced_exam02.sql,V265,MC264,72,PUBLISHED,P0:Choice4_placeholder
7,GRAMMAR_PUNCTUATION,ADVANCED,3,V266__seed_y7_gp_advanced_exam03.sql,V266,MC265,72,PUBLISHED,P0:Choice4_placeholder
7,GRAMMAR_PUNCTUATION,ADVANCED,4,V267__seed_y7_gp_advanced_exam04.sql,V267,MC266,72,PUBLISHED,P0:Choice4_placeholder
7,GRAMMAR_PUNCTUATION,ADVANCED,5,V268__seed_y7_gp_advanced_exam05.sql,V268,MC267,72,PUBLISHED,P0:Choice4_placeholder
7,GRAMMAR_PUNCTUATION,PREMIUM,1,V269__seed_y7_gp_premium_exam01.sql,V269,MC268,72,PUBLISHED,P0:Choice4_placeholder
7,GRAMMAR_PUNCTUATION,PREMIUM,2,V270__seed_y7_gp_premium_exam02.sql,V270,MC269,72,PUBLISHED,P0:Choice4_placeholder
7,GRAMMAR_PUNCTUATION,PREMIUM,3,V271__seed_y7_gp_premium_exam03.sql,V271,MC270,72,PUBLISHED,P0:Choice4_placeholder
7,GRAMMAR_PUNCTUATION,PREMIUM,4,V272__seed_y7_gp_premium_exam04.sql,V272,MC271,72,PUBLISHED,P0:Choice4_placeholder
7,GRAMMAR_PUNCTUATION,PREMIUM,5,V273__seed_y7_gp_premium_exam05.sql,V273,MC272,72,PUBLISHED,P0:Choice4_placeholder
7,GRAMMAR_PUNCTUATION,PREMIUM,6,V274__seed_y7_gp_premium_exam06.sql,V274,MC273,72,PUBLISHED,P0:Choice4_placeholder
7,GRAMMAR_PUNCTUATION,PREMIUM,7,V275__seed_y7_gp_premium_exam07.sql,V275,MC274,72,PUBLISHED,P0:Choice4_placeholder
7,GRAMMAR_PUNCTUATION,PREMIUM,8,V276__seed_y7_gp_premium_exam08.sql,V276,MC275,72,PUBLISHED,P0:Choice4_placeholder
7,GRAMMAR_PUNCTUATION,PREMIUM,9,V277__seed_y7_gp_premium_exam09.sql,V277,MC276,72,PUBLISHED,P0:Choice4_placeholder
7,GRAMMAR_PUNCTUATION,PREMIUM,10,V278__seed_y7_gp_premium_exam10.sql,V278,MC277,72,PUBLISHED,P0:Choice4_placeholder
7,SPELLING,FREE,1,V279__seed_y7_spell_free_exam01.sql,V279,MC278,43,PUBLISHED,
7,SPELLING,ADVANCED,1,V280__seed_y7_spell_advanced_exam01.sql,V280,MC279,43,PUBLISHED,
7,SPELLING,ADVANCED,2,V281__seed_y7_spell_advanced_exam02.sql,V281,MC280,43,PUBLISHED,
7,SPELLING,ADVANCED,3,V282__seed_y7_spell_advanced_exam03.sql,V282,MC281,43,PUBLISHED,
7,SPELLING,ADVANCED,4,V283__seed_y7_spell_advanced_exam04.sql,V283,MC282,43,PUBLISHED,
7,SPELLING,ADVANCED,5,V284__seed_y7_spell_advanced_exam05.sql,V284,MC283,43,PUBLISHED,
7,SPELLING,PREMIUM,1,V285__seed_y7_spell_premium_exam01.sql,V285,MC284,43,PUBLISHED,
7,SPELLING,PREMIUM,2,V286__seed_y7_spell_premium_exam02.sql,V286,MC285,43,PUBLISHED,
7,SPELLING,PREMIUM,3,V287__seed_y7_spell_premium_exam03.sql,V287,MC286,43,PUBLISHED,
7,SPELLING,PREMIUM,4,V288__seed_y7_spell_premium_exam04.sql,V288,MC287,43,PUBLISHED,
7,SPELLING,PREMIUM,5,V289__seed_y7_spell_premium_exam05.sql,V289,MC288,43,PUBLISHED,
7,SPELLING,PREMIUM,6,V290__seed_y7_spell_premium_exam06.sql,V290,MC289,43,PUBLISHED,
7,SPELLING,PREMIUM,7,V291__seed_y7_spell_premium_exam07.sql,V291,MC290,43,PUBLISHED,
7,SPELLING,PREMIUM,8,V292__seed_y7_spell_premium_exam08.sql,V292,MC291,43,PUBLISHED,
7,SPELLING,PREMIUM,9,V293__seed_y7_spell_premium_exam09.sql,V293,MC292,43,PUBLISHED,
7,SPELLING,PREMIUM,10,V294__seed_y7_spell_premium_exam10.sql,V294,MC293,43,PUBLISHED,
9,NUMERACY,FREE,1,V295__seed_y9_num_free_exam01.sql,V295,MC294,128,PUBLISHED,P0:Choice4_placeholder
9,NUMERACY,ADVANCED,1,V296__seed_y9_num_advanced_exam01.sql,V296,MC295,128,PUBLISHED,P0:Choice4_placeholder
9,NUMERACY,ADVANCED,2,V297__seed_y9_num_advanced_exam02.sql,V297,MC296,128,PUBLISHED,P0:Choice4_placeholder
9,NUMERACY,ADVANCED,3,V298__seed_y9_num_advanced_exam03.sql,V298,MC297,128,PUBLISHED,P0:Choice4_placeholder
9,NUMERACY,ADVANCED,4,V299__seed_y9_num_advanced_exam04.sql,V299,MC298,128,PUBLISHED,P0:Choice4_placeholder
9,NUMERACY,ADVANCED,5,V300__seed_y9_num_advanced_exam05.sql,V300,MC299,128,PUBLISHED,P0:Choice4_placeholder
9,NUMERACY,PREMIUM,1,V301__seed_y9_num_premium_exam01.sql,V301,MC300,128,PUBLISHED,P0:Choice4_placeholder
9,NUMERACY,PREMIUM,2,V302__seed_y9_num_premium_exam02.sql,V302,MC301,128,PUBLISHED,P0:Choice4_placeholder
9,NUMERACY,PREMIUM,3,V303__seed_y9_num_premium_exam03.sql,V303,MC302,128,PUBLISHED,P0:Choice4_placeholder
9,NUMERACY,PREMIUM,4,V304__seed_y9_num_premium_exam04.sql,V304,MC303,128,PUBLISHED,P0:Choice4_placeholder
9,NUMERACY,PREMIUM,5,V305__seed_y9_num_premium_exam05.sql,V305,MC304,128,PUBLISHED,P0:Choice4_placeholder
9,NUMERACY,PREMIUM,6,V306__seed_y9_num_premium_exam06.sql,V306,MC305,128,PUBLISHED,P0:Choice4_placeholder
9,NUMERACY,PREMIUM,7,V307__seed_y9_num_premium_exam07.sql,V307,MC306,128,PUBLISHED,P0:Choice4_placeholder
9,NUMERACY,PREMIUM,8,V308__seed_y9_num_premium_exam08.sql,V308,MC307,128,PUBLISHED,P0:Choice4_placeholder
9,NUMERACY,PREMIUM,9,V309__seed_y9_num_premium_exam09.sql,V309,MC308,128,PUBLISHED,P0:Choice4_placeholder
9,NUMERACY,PREMIUM,10,V310__seed_y9_num_premium_exam10.sql,V310,MC309,128,PUBLISHED,P0:Choice4_placeholder
9,READING,FREE,1,V311__seed_y9_read_free_exam01.sql,V311,MC310,128,PUBLISHED,
9,READING,ADVANCED,1,V312__seed_y9_read_advanced_exam01.sql,V312,MC311,128,PUBLISHED,
9,READING,ADVANCED,2,V313__seed_y9_read_advanced_exam02.sql,V313,MC312,128,PUBLISHED,
9,READING,ADVANCED,3,V314__seed_y9_read_advanced_exam03.sql,V314,MC313,128,PUBLISHED,
9,READING,ADVANCED,4,V315__seed_y9_read_advanced_exam04.sql,V315,MC314,128,PUBLISHED,
9,READING,ADVANCED,5,V316__seed_y9_read_advanced_exam05.sql,V316,MC315,128,PUBLISHED,
9,READING,PREMIUM,1,V317__seed_y9_read_premium_exam01.sql,V317,MC316,128,PUBLISHED,
9,READING,PREMIUM,2,V318__seed_y9_read_premium_exam02.sql,V318,MC317,128,PUBLISHED,
9,READING,PREMIUM,3,V319__seed_y9_read_premium_exam03.sql,V319,MC318,128,PUBLISHED,
9,READING,PREMIUM,4,V320__seed_y9_read_premium_exam04.sql,V320,MC319,128,PUBLISHED,
9,READING,PREMIUM,5,V321__seed_y9_read_premium_exam05.sql,V321,MC320,128,PUBLISHED,
9,READING,PREMIUM,6,V322__seed_y9_read_premium_exam06.sql,V322,MC321,128,PUBLISHED,
9,READING,PREMIUM,7,V323__seed_y9_read_premium_exam07.sql,V323,MC322,128,PUBLISHED,
9,READING,PREMIUM,8,V324__seed_y9_read_premium_exam08.sql,V324,MC323,128,PUBLISHED,
9,READING,PREMIUM,9,V325__seed_y9_read_premium_exam09.sql,V325,MC324,128,PUBLISHED,
9,READING,PREMIUM,10,V326__seed_y9_read_premium_exam10.sql,V326,MC325,128,PUBLISHED,
9,WRITING,FREE,1,V327__seed_y9_writ_free_exam01.sql,V327,MC326,1,PUBLISHED,
9,WRITING,ADVANCED,1,V328__seed_y9_writ_advanced_exam01.sql,V328,MC327,1,PUBLISHED,
9,WRITING,ADVANCED,2,V329__seed_y9_writ_advanced_exam02.sql,V329,MC328,1,PUBLISHED,
9,WRITING,ADVANCED,3,V330__seed_y9_writ_advanced_exam03.sql,V330,MC329,1,PUBLISHED,
9,WRITING,ADVANCED,4,V331__seed_y9_writ_advanced_exam04.sql,V331,MC330,1,PUBLISHED,
9,WRITING,ADVANCED,5,V332__seed_y9_writ_advanced_exam05.sql,V332,MC331,1,PUBLISHED,
9,WRITING,PREMIUM,1,V333__seed_y9_writ_premium_exam01.sql,V333,MC332,1,PUBLISHED,
9,WRITING,PREMIUM,2,V334__seed_y9_writ_premium_exam02.sql,V334,MC333,1,PUBLISHED,
9,WRITING,PREMIUM,3,V335__seed_y9_writ_premium_exam03.sql,V335,MC334,1,PUBLISHED,
9,WRITING,PREMIUM,4,V336__seed_y9_writ_premium_exam04.sql,V336,MC335,1,PUBLISHED,
9,WRITING,PREMIUM,5,V337__seed_y9_writ_premium_exam05.sql,V337,MC336,1,PUBLISHED,
9,WRITING,PREMIUM,6,V338__seed_y9_writ_premium_exam06.sql,V338,MC337,1,PUBLISHED,
9,WRITING,PREMIUM,7,V339__seed_y9_writ_premium_exam07.sql,V339,MC338,1,PUBLISHED,
9,WRITING,PREMIUM,8,V340__seed_y9_writ_premium_exam08.sql,V340,MC339,1,PUBLISHED,
9,WRITING,PREMIUM,9,V341__seed_y9_writ_premium_exam09.sql,V341,MC340,1,PUBLISHED,
9,WRITING,PREMIUM,10,V342__seed_y9_writ_premium_exam10.sql,V342,MC341,1,PUBLISHED,
9,GRAMMAR_PUNCTUATION,FREE,1,V343__seed_y9_gp_free_exam01.sql,V343,MC342,72,PUBLISHED,P0:Choice4_placeholder
9,GRAMMAR_PUNCTUATION,ADVANCED,1,V344__seed_y9_gp_advanced_exam01.sql,V344,MC343,72,PUBLISHED,P0:Choice4_placeholder
9,GRAMMAR_PUNCTUATION,ADVANCED,2,V345__seed_y9_gp_advanced_exam02.sql,V345,MC344,72,PUBLISHED,P0:Choice4_placeholder
9,GRAMMAR_PUNCTUATION,ADVANCED,3,V346__seed_y9_gp_advanced_exam03.sql,V346,MC345,72,PUBLISHED,P0:Choice4_placeholder
9,GRAMMAR_PUNCTUATION,ADVANCED,4,V347__seed_y9_gp_advanced_exam04.sql,V347,MC346,72,PUBLISHED,P0:Choice4_placeholder
9,GRAMMAR_PUNCTUATION,ADVANCED,5,V348__seed_y9_gp_advanced_exam05.sql,V348,MC347,72,PUBLISHED,P0:Choice4_placeholder
9,GRAMMAR_PUNCTUATION,PREMIUM,1,V349__seed_y9_gp_premium_exam01.sql,V349,MC348,72,PUBLISHED,P0:Choice4_placeholder
9,GRAMMAR_PUNCTUATION,PREMIUM,2,V350__seed_y9_gp_premium_exam02.sql,V350,MC349,72,PUBLISHED,P0:Choice4_placeholder
9,GRAMMAR_PUNCTUATION,PREMIUM,3,V351__seed_y9_gp_premium_exam03.sql,V351,MC350,72,PUBLISHED,P0:Choice4_placeholder
9,GRAMMAR_PUNCTUATION,PREMIUM,4,V352__seed_y9_gp_premium_exam04.sql,V352,MC351,72,PUBLISHED,P0:Choice4_placeholder
9,GRAMMAR_PUNCTUATION,PREMIUM,5,V353__seed_y9_gp_premium_exam05.sql,V353,MC352,72,PUBLISHED,P0:Choice4_placeholder
9,GRAMMAR_PUNCTUATION,PREMIUM,6,V354__seed_y9_gp_premium_exam06.sql,V354,MC353,72,PUBLISHED,P0:Choice4_placeholder
9,GRAMMAR_PUNCTUATION,PREMIUM,7,V355__seed_y9_gp_premium_exam07.sql,V355,MC354,72,PUBLISHED,P0:Choice4_placeholder
9,GRAMMAR_PUNCTUATION,PREMIUM,8,V356__seed_y9_gp_premium_exam08.sql,V356,MC355,72,PUBLISHED,P0:Choice4_placeholder
9,GRAMMAR_PUNCTUATION,PREMIUM,9,V357__seed_y9_gp_premium_exam09.sql,V357,MC356,72,PUBLISHED,P0:Choice4_placeholder
9,GRAMMAR_PUNCTUATION,PREMIUM,10,V358__seed_y9_gp_premium_exam10.sql,V358,MC357,72,PUBLISHED,P0:Choice4_placeholder
9,SPELLING,FREE,1,V359__seed_y9_spell_free_exam01.sql,V359,MC358,43,PUBLISHED,
9,SPELLING,ADVANCED,1,V360__seed_y9_spell_advanced_exam01.sql,V360,MC359,43,PUBLISHED,
9,SPELLING,ADVANCED,2,V361__seed_y9_spell_advanced_exam02.sql,V361,MC360,43,PUBLISHED,
9,SPELLING,ADVANCED,3,V362__seed_y9_spell_advanced_exam03.sql,V362,MC361,43,PUBLISHED,
9,SPELLING,ADVANCED,4,V363__seed_y9_spell_advanced_exam04.sql,V363,MC362,43,PUBLISHED,
9,SPELLING,ADVANCED,5,V364__seed_y9_spell_advanced_exam05.sql,V364,MC363,43,PUBLISHED,
9,SPELLING,PREMIUM,1,V365__seed_y9_spell_premium_exam01.sql,V365,MC364,43,PUBLISHED,
9,SPELLING,PREMIUM,2,V366__seed_y9_spell_premium_exam02.sql,V366,MC365,43,PUBLISHED,
9,SPELLING,PREMIUM,3,V367__seed_y9_spell_premium_exam03.sql,V367,MC366,43,PUBLISHED,
9,SPELLING,PREMIUM,4,V368__seed_y9_spell_premium_exam04.sql,V368,MC367,43,PUBLISHED,
9,SPELLING,PREMIUM,5,V369__seed_y9_spell_premium_exam05.sql,V369,MC368,43,PUBLISHED,
9,SPELLING,PREMIUM,6,V370__seed_y9_spell_premium_exam06.sql,V370,MC369,43,PUBLISHED,
9,SPELLING,PREMIUM,7,V371__seed_y9_spell_premium_exam07.sql,V371,MC370,43,PUBLISHED,
9,SPELLING,PREMIUM,8,V372__seed_y9_spell_premium_exam08.sql,V372,MC371,43,PUBLISHED,
9,SPELLING,PREMIUM,9,V373__seed_y9_spell_premium_exam09.sql,V373,MC372,43,PUBLISHED,
9,SPELLING,PREMIUM,10,V374__seed_y9_spell_premium_exam10.sql,V374,MC373,43,PUBLISHED,
